nr;spelling;Word length;n_Belgie;n_Nederland;%juist_Belgie;%juist_Nederland;Minimum_land;Group;
1;reugen;6;241;310;90,0;90,8;90,0;90;
2;pondoes;7;231;363;90,0;90,1;90,0;90;
3;lagadilistisch;14;231;340;90,0;92,0;90,0;90;
4;maberet;7;263;327;90,0;92,9;90,0;90;
5;uitgempen;9;263;325;90,0;93,5;90,0;90;
6;criturg;7;263;317;90,0;93,0;90,0;90;
7;inbricetie;10;242;324;90,0;92,5;90,0;90;
8;stumolen;8;242;290;90,0;91,3;90,0;90;
9;godderijn;9;263;316;92,8;90,0;90,0;90;
10;iriel;5;259;316;92,7;90,0;90,0;90;
11;flosperen;9;253;326;90,0;92,3;90,0;90;
12;pretebentie;11;253;326;90,0;96,4;90,0;90;
13;afflist;7;249;327;90,3;90,0;90,0;90;
14;betijring;9;264;321;90,0;90,2;90,0;90;
15;invensiptie;11;243;347;90,0;93,0;90,0;90;
16;teramikratie;12;275;300;90,0;91,6;90,0;90;
17;kwarzend;8;254;320;90,1;93,1;90,1;90;
18;demaans;7;254;315;90,1;92,0;90,1;90;
19;pulstueel;9;233;287;90,1;91,6;90,1;90;
20;verroppend;10;255;318;95,0;90,1;90,1;90;
21;ralm;4;265;331;90,1;91,1;90,1;90;
22;enturmen;8;223;324;90,1;95,1;90,1;90;
23;teleniaan;9;255;318;90,1;92,7;90,1;90;
24;megelijk;8;255;318;90,1;90,7;90,1;90;
25;intallinaal;11;255;320;90,1;90,8;90,1;90;
26;temifrase;9;231;340;90,4;90,1;90,1;90;
27;puvide;6;213;325;90,1;91,9;90,1;90;
28;relabijn;8;277;305;90,1;91,0;90,1;90;
29;glippant;8;277;336;90,1;94,7;90,1;90;
30;pijtelen;8;249;341;92,8;90,1;90,1;90;
31;vaatstonzel;11;224;336;90,1;93,7;90,1;90;
32;afwilsen;8;256;290;90,1;93,8;90,1;90;
33;berkaaien;9;266;288;92,1;90,1;90,1;90;
34;asteraards;10;267;307;90,1;93,8;90,1;90;
35;karpes;6;235;289;90,1;90,2;90,1;90;
36;bermuiden;9;246;342;90,2;92,9;90,2;90;
37;schieluin;9;245;321;93,6;90,2;90,2;90;
38;ronnotutie;10;225;301;90,2;96,2;90,2;90;
39;pating;6;250;343;90,3;90,2;90,2;90;
40;immagaal;8;258;311;91,0;90,2;90,2;90;
41;oordiet;7;274;322;90,8;90,2;90,2;90;
42;ralding;7;253;290;91,3;90,2;90,2;90;
43;storf;5;256;355;91,4;90,2;90,2;90;
44;ankentement;11;254;312;95,4;90,2;90,2;90;
45;liprema;7;269;358;90,2;92,9;90,2;90;
46;gavimaal;8;248;330;90,2;92,3;90,2;90;
47;mandon;6;248;351;90,2;91,9;90,2;90;
48;mienerlijk;10;261;302;90,3;90,2;90,2;90;
49;tendetorgie;11;259;302;90,2;94,8;90,2;90;
50;mardij;6;270;314;90,3;93,3;90,3;90;
51;lokkel;6;227;318;90,3;91,4;90,3;90;
52;schubes;7;238;329;90,3;92,3;90,3;90;
53;killamolatie;12;260;275;90,3;95,0;90,3;90;
54;ijfling;7;275;325;90,4;90,3;90,3;90;
55;padot;5;260;366;90,3;91,4;90,3;90;
56;megels;6;271;337;90,3;90,6;90,3;90;
57;kortalon;8;243;347;94,4;90,3;90,3;90;
58;lopimicaan;10;239;283;90,3;93,3;90,3;90;
59;infost;6;261;333;90,3;96,5;90,3;90;
60;pongeloos;9;261;288;90,3;95,6;90,3;90;
61;umotoren;8;272;307;90,3;92,8;90,3;90;
62;keumen;6;249;305;90,7;90,3;90,3;90;
63;begolen;7;258;316;93,1;90,3;90,3;90;
64;terutator;9;240;308;90,4;90,8;90,4;90;
65;amusazist;9;232;306;93,2;90,4;90,4;90;
66;anderfermeren;13;250;317;91,2;90,4;90,4;90;
67;refronleren;11;236;317;91,5;90,4;90,4;90;
68;hamp;4;241;344;90,4;91,7;90,4;90;
69;killenhoos;10;241;301;90,4;94,8;90,4;90;
70;gezerpen;8;252;329;90,4;94,2;90,4;90;
71;inspuimig;9;252;337;90,4;92,8;90,4;90;
72;bemokend;8;263;301;90,4;93,0;90,4;90;
73;theoraak;8;227;318;93,0;90,4;90,4;90;
74;mialaltisch;11;238;329;91,6;90,4;90,4;90;
75;presiel;7;253;312;90,4;93,3;90,4;90;
76;figuis;6;264;305;90,4;92,4;90,4;90;
77;stessig;7;275;283;90,4;93,3;90,4;90;
78;konbagieren;11;220;352;90,4;96,7;90,4;90;
79;sopimetief;10;229;319;93,1;90,4;90,4;90;
80;conbonsaal;10;231;340;90,4;91,6;90,4;90;
81;adartuur;8;236;330;91,1;90,4;90,4;90;
82;bamitoseren;11;231;321;90,4;94,4;90,4;90;
83;schroetster;11;253;312;90,4;91,9;90,4;90;
84;deibel;6;233;309;93,2;90,5;90,5;90;
85;sekortiek;9;254;320;90,5;94,1;90,5;90;
86;viarageren;10;254;312;90,5;92,6;90,5;90;
87;rallibule;9;254;317;90,5;92,7;90,5;90;
88;archietnist;11;266;288;90,5;92,7;90,5;90;
89;hijmalaar;9;255;302;90,5;96,2;90,5;90;
90;strissen;8;255;325;90,5;92,9;90,5;90;
91;buntesk;7;244;316;90,5;95,3;90,5;90;
92;estrevroleur;12;260;322;93,9;90,5;90,5;90;
93;kasisist;8;251;300;90,8;90,5;90,5;90;
94;asdilaal;8;267;340;90,5;92,3;90,5;90;
95;bekleigen;9;267;292;90,5;92,1;90,5;90;
96;plapisitie;10;256;290;90,5;93,5;90,5;90;
97;broeg;5;245;315;90,5;93,7;90,5;90;
98;conlipent;9;245;301;90,5;95,1;90,5;90;
99;blankelen;9;250;323;92,8;90,5;90,5;90;
100;helvertoling;12;273;323;90,7;90,5;90,5;90;
101;waspografie;11;234;323;90,6;92,8;90,6;90;
102;dommeratuur;11;275;301;93,5;90,6;90,6;90;
103;verdasting;10;246;346;90,6;91,2;90,6;90;
104;koluctie;8;246;341;90,6;94,4;90,6;90;
105;schroezer;9;246;293;90,6;94,3;90,6;90;
106;mererist;8;261;302;91,9;90,6;90,6;90;
107;pensiet;7;239;302;92,1;90,6;90,6;90;
108;fragteur;8;282;314;95,1;90,6;90,6;90;
109;contokistaal;12;258;299;90,6;94,0;90,6;90;
110;precuguur;9;258;332;90,6;92,1;90,6;90;
111;dinst;5;247;327;90,6;95,2;90,6;90;
112;akeer;5;247;310;90,6;93,5;90,6;90;
113;lategatuur;10;267;292;94,1;90,6;90,6;90;
114;pamend;6;236;323;90,6;93,2;90,6;90;
115;aanschagenen;12;236;326;90,6;91,0;90,6;90;
116;grink;5;236;296;90,6;90,8;90,6;90;
117;geloorderaad;12;236;326;90,6;93,5;90,6;90;
118;dimestolieel;12;225;301;90,6;93,7;90,6;90;
119;prenilaren;10;259;321;90,7;93,8;90,7;90;
120;orvassantie;11;259;321;90,7;94,8;90,7;90;
121;wetterijn;9;227;327;91,2;90,7;90,7;90;
122;kardidieus;10;237;289;90,7;92,4;90,7;90;
123;halluitend;10;226;341;90,7;95,7;90,7;90;
124;himpig;6;226;319;90,7;96,4;90,7;90;
125;domibel;7;260;307;90,7;94,9;90,7;90;
126;kluinteloos;11;260;341;90,7;93,2;90,7;90;
127;plaricaat;9;268;328;91,4;90,7;90,7;90;
128;mabikaal;8;249;312;90,7;96,3;90,7;90;
129;natalping;9;249;350;90,7;93,7;90,7;90;
130;enilitaan;9;238;373;90,7;95,8;90,7;90;
131;akkoevelijk;11;272;310;90,7;95,6;90,7;90;
132;lorma;5;227;318;90,7;93,0;90,7;90;
133;onciarettisch;13;250;321;90,7;91,5;90,7;90;
134;idarliteit;10;250;321;90,7;95,4;90,7;90;
135;kamiliaal;9;236;296;91,1;90,8;90,8;90;
136;beschreeg;9;249;319;91,5;90,8;90,8;90;
137;opdronentie;11;228;339;90,8;92,5;90,8;90;
138;gescheuste;10;240;308;93,9;90,8;90,8;90;
139;besleek;7;261;297;91,9;90,8;90,8;90;
140;risanente;9;240;306;90,8;94,8;90,8;90;
141;aktheminaren;12;263;316;90,8;92,7;90,8;90;
142;dattelen;8;244;309;90,9;90,8;90,8;90;
143;debivet;7;252;314;90,8;92,0;90,8;90;
144;tandeteel;9;252;297;90,8;94,3;90,8;90;
145;getwijnel;9;275;325;90,8;94,2;90,8;90;
146;asubukatie;10;264;321;92,8;90,8;90,8;90;
147;coddactie;9;265;329;90,9;95,2;90,9;90;
148;humaluur;8;242;307;90,9;94,9;90,9;90;
149;espoter;7;242;310;90,9;92,2;90,9;90;
150;gespenken;9;245;346;93,1;90,9;90,9;90;
151;smeumeren;9;221;323;93,3;90,9;90,9;90;
152;constrimtie;11;237;312;92,0;90,9;90,9;90;
153;dierdig;7;255;312;91,7;90,9;90,9;90;
154;vervarding;10;208;318;90,9;93,7;90,9;90;
155;gekraad;7;253;289;92,5;90,9;90,9;90;
156;riodist;7;266;288;90,9;93,1;90,9;90;
157;hoemen;6;271;324;92,2;90,9;90,9;90;
158;kadelziek;9;243;347;90,9;95,8;90,9;90;
159;schos;5;243;321;90,9;91,8;90,9;90;
160;stezen;6;267;327;90,9;94,2;90,9;90;
161;horicijn;8;244;348;90,9;94,3;90,9;90;
162;tront;5;244;315;90,9;92,6;90,9;90;
163;embabron;8;244;312;90,9;91,2;90,9;90;
164;trarrofoon;10;244;352;90,9;94,9;90,9;90;
165;sormies;7;244;330;90,9;96,2;90,9;90;
166;beslaren;8;244;329;90,9;93,3;90,9;90;
167;agumotie;8;230;314;91,3;90,9;90,9;90;
168;nijtel;6;221;315;91,0;91,3;91,0;91;
169;struifnever;11;256;324;91,0;91,9;91,0;91;
170;twikkig;7;277;326;92,4;91,0;91,0;91;
171;jomisch;7;245;324;91,0;95,1;91,0;91;
172;amunt;5;267;292;92,5;91,0;91,0;91;
173;overgeels;9;257;319;91,0;91,4;91,0;91;
174;patabeleren;11;222;318;91,0;92,1;91,0;91;
175;stroon;6;269;311;91,0;91,5;91,0;91;
176;tijvinigheid;12;234;317;91,0;95,4;91,0;91;
177;primpel;7;228;305;92,2;91,0;91,0;91;
178;prerartief;10;266;305;92,5;91,0;91,0;91;
179;kobudant;8;259;299;91,1;91,9;91,1;91;
180;erotaad;7;246;318;93,6;91,1;91,1;91;
181;kruffen;7;236;327;91,1;97,7;91,1;91;
182;eggrotie;8;236;296;91,1;93,6;91,1;91;
183;gebecht;7;244;307;93,5;91,1;91,1;91;
184;bergeinen;9;260;330;91,1;92,3;91,1;91;
185;schossig;8;237;347;91,1;91,5;91,1;91;
186;beneliaan;9;249;327;91,1;92,0;91,1;91;
187;degisch;7;261;334;91,1;92,4;91,1;91;
188;statienast;10;273;343;91,1;95,4;91,1;91;
189;preriment;9;235;309;92,4;91,1;91,1;91;
190;bemuzaarde;10;245;333;91,8;91,1;91,1;91;
191;reuperd;7;238;349;91,2;92,2;91,2;91;
192;uitwok;6;262;288;91,2;91,6;91,2;91;
193;beziefd;7;262;334;91,2;95,3;91,2;91;
194;ekaldiek;8;251;329;91,2;94,2;91,2;91;
195;kwijger;7;263;300;91,2;96,1;91,2;91;
196;protridenade;12;263;359;91,2;91,8;91,2;91;
197;ekkrosief;9;264;295;91,2;92,9;91,2;91;
198;tups;4;264;321;91,2;91,8;91,2;91;
199;pelm;4;240;318;91,2;92,4;91,2;91;
200;gelamersine;11;240;322;91,2;93,8;91,2;91;
201;valdrongen;10;253;326;91,3;94,2;91,3;91;
202;vonoom;6;253;326;91,3;93,5;91,3;91;
203;gertogelijk;11;217;312;91,3;95,6;91,3;91;
204;fudurense;9;254;322;91,3;95,1;91,3;91;
205;gebantie;8;254;320;91,3;95,4;91,3;91;
206;snengen;7;242;290;91,3;91,7;91,3;91;
207;drant;5;242;320;91,3;95,7;91,3;91;
208;callepaneel;11;255;292;91,3;92,1;91,3;91;
209;hekatie;7;274;342;92,3;91,4;91,4;91;
210;bermieken;9;269;308;91,4;94,5;91,4;91;
211;geslook;7;257;334;91,4;93,1;91,4;91;
212;stadderaar;10;245;346;91,4;93,6;91,4;91;
213;sastiem;7;233;334;91,4;91,8;91,4;91;
214;zwidde;6;249;319;94,5;91,4;91,4;91;
215;dimor;5;258;352;91,4;96,4;91,4;91;
216;doorwijns;9;246;287;91,4;92,3;91,4;91;
217;corrublindent;13;246;314;91,4;94,6;91,4;91;
218;nidasteren;10;246;353;91,4;95,2;91,4;91;
219;corlesitie;10;234;323;91,5;91,5;91,5;91;
220;sprans;6;238;296;94,3;91,5;91,5;91;
221;beklig;6;284;299;91,5;95,4;91,5;91;
222;trandellien;11;247;346;91,5;95,7;91,5;91;
223;zotenilisme;11;210;336;91,5;93,1;91,5;91;
224;lirultief;9;235;289;91,5;93,1;91,5;91;
225;vetactisch;10;235;335;91,5;92,5;91,5;91;
226;aderrief;8;276;285;93,9;91,5;91,5;91;
227;pimestarie;10;248;327;91,5;93,9;91,5;91;
228;nachteraan;10;248;332;91,5;94,3;91,5;91;
229;boegtaam;8;236;289;91,5;92,7;91,5;91;
230;doeperij;8;236;319;91,5;94,1;91,5;91;
231;slapioloog;10;263;323;94,0;91,5;91,5;91;
232;maarmarstig;11;249;360;91,5;93,6;91,5;91;
233;medormap;8;274;321;91,5;95,1;91,5;91;
234;atteen;6;237;314;91,6;95,6;91,6;91;
235;schobbalen;10;237;289;91,6;92,0;91,6;91;
236;steik;5;262;329;91,6;94,2;91,6;91;
237;gulpontig;9;225;301;91,6;96,5;91,6;91;
238;bijbarting;10;263;283;91,6;93,7;91,6;91;
239;wingstondig;11;225;301;93,0;91,6;91,6;91;
240;vestraaiing;11;225;301;93,0;91,6;91,6;91;
241;halnomen;8;251;325;91,6;93,5;91,6;91;
242;rolk;4;226;343;91,6;95,1;91,6;91;
243;gerdel;6;226;341;91,6;92,3;91,6;91;
244;kwetelijk;9;230;314;91,8;91,6;91,6;91;
245;drozing;7;265;289;93,2;91,6;91,6;91;
246;uithoktend;10;264;289;91,6;91,6;91,6;91;
247;verbrelen;9;264;328;91,6;91,7;91,6;91;
248;narzesiteit;11;239;281;91,6;93,6;91,6;91;
249;intundie;8;239;302;92,5;91,6;91,6;91;
250;tralaan;7;252;292;91,6;92,1;91,6;91;
251;ompuchtbaar;11;252;297;91,6;94,7;91,6;91;
252;korket;6;252;321;91,6;93,8;91,6;91;
253;manijn;6;227;318;91,7;96,0;91,7;91;
254;mokelijk;8;227;318;91,7;97,0;91,7;91;
255;snink;5;265;340;91,7;94,4;91,7;91;
256;algeziet;8;274;341;92,3;91,7;91,7;91;
257;berrillelijk;12;249;341;97,5;91,7;91,7;91;
258;wilheur;7;240;341;91,7;95,7;91,7;91;
259;slabiaan;8;240;277;91,7;95,1;91,7;91;
260;alapilitie;10;240;277;91,7;94,3;91,7;91;
261;krijterschap;12;215;316;91,7;92,3;91,7;91;
262;pizeur;6;222;291;94,3;91,7;91,7;91;
263;vervarden;9;291;345;91,7;93,3;91,7;91;
264;grazist;7;274;304;95,0;91,7;91,7;91;
265;eggenent;8;266;319;91,7;92,7;91,7;91;
266;blanstig;8;266;308;91,7;95,6;91,7;91;
267;cemepisch;9;266;340;91,7;93,8;91,7;91;
268;maloen;6;266;288;91,7;92,0;91,7;91;
269;stakrast;8;274;317;92,3;91,7;91,7;91;
270;bekelijk;8;251;279;93,3;91,7;91,7;91;
271;teper;5;241;344;91,7;92,4;91,7;91;
272;nartelijk;9;241;344;91,7;97,6;91,7;91;
273;cordinu;7;267;292;91,7;91,7;91,7;91;
274;studiediet;10;242;328;91,7;93,3;91,7;91;
275;taslon;6;242;328;91,7;94,5;91,7;91;
276;detig;5;255;318;91,7;93,4;91,7;91;
277;aandrapt;8;255;305;91,7;92,1;91,7;91;
278;invoekelijk;11;230;337;91,8;95,0;91,8;91;
279;wanomeren;9;230;314;91,8;94,0;91,8;91;
280;zuitend;7;243;347;91,8;93,0;91,8;91;
281;dobitoseren;11;243;289;91,8;93,4;91,8;91;
282;besprering;10;259;320;94,3;91,8;91,8;91;
283;kalzelen;8;256;327;91,8;95,2;91,8;91;
284;kleimig;7;256;355;91,8;95,0;91,8;91;
285;ziekelen;8;256;284;91,8;91,8;91,8;91;
286;berkluitig;10;269;346;91,8;92,4;91,8;91;
287;geeslook;8;269;311;91,8;93,2;91,8;91;
288;kinterogie;10;231;363;91,8;92,5;91,8;91;
289;reddine;7;231;321;91,8;95,4;91,8;91;
290;brog;4;244;308;91,8;91,8;91,8;91;
291;invisting;9;231;340;91,8;93,5;91,8;91;
292;restuinenswaardig;17;230;321;94,5;91,8;91,8;91;
293;tecastentie;11;239;321;93,0;91,8;91,8;91;
294;astienen;8;244;348;91,8;96,4;91,8;91;
295;zetidisch;9;244;309;91,8;93,9;91,8;91;
296;aangringen;10;244;308;91,8;92,8;91,8;91;
297;elbotomenteel;13;244;312;91,8;92,2;91,8;91;
298;ostemarkt;9;244;320;91,8;93,1;91,8;91;
299;begildig;8;233;334;94,1;91,8;91,8;91;
300;horps;5;270;318;91,8;96,7;91,8;91;
301;splimpen;8;270;297;91,8;94,0;91,8;91;
302;versellen;9;270;318;91,8;93,4;91,8;91;
303;noromares;9;275;283;93,9;91,8;91,8;91;
304;huistvrij;9;243;309;93,1;91,8;91,8;91;
305;ganriteur;9;273;335;95,0;91,8;91,8;91;
306;trekkaat;8;232;306;91,8;92,8;91,8;91;
307;heunel;6;245;321;91,8;93,1;91,8;91;
308;opongelen;9;245;353;91,8;94,6;91,8;91;
309;pinterlaarlijk;14;245;333;91,8;95,9;91,8;91;
310;schroerverei;12;245;353;91,8;94,3;91,8;91;
311;veriede;7;258;327;91,8;92,0;91,8;91;
312;koermink;8;258;301;91,8;93,7;91,8;91;
313;stiellijs;9;258;301;91,8;94,4;91,8;91;
314;vertijstheid;12;258;298;91,8;94,0;91,8;91;
315;kavinentose;11;271;337;91,8;94,1;91,8;91;
316;grageloog;9;246;341;91,9;94,4;91,9;91;
317;joming;6;246;313;91,9;96,3;91,9;91;
318;vehoenlijk;10;246;320;91,9;94,7;91,9;91;
319;flepen;6;259;299;91,9;94,4;91,9;91;
320;kieneling;9;266;311;92,1;91,9;91,9;91;
321;lagelen;7;266;311;94,5;91,9;91,9;91;
322;schiettikt;10;241;311;94,3;91,9;91,9;91;
323;koselaat;8;256;324;93,4;91,9;91,9;91;
324;blijns;6;260;275;91,9;97,7;91,9;91;
325;grankig;7;247;306;91,9;94,5;91,9;91;
326;altantiventie;13;234;323;91,9;93,8;91,9;91;
327;bermeerd;8;254;312;94,2;91,9;91,9;91;
328;krachteteel;11;247;336;91,9;92,2;91,9;91;
329;verwolper;9;247;361;91,9;95,0;91,9;91;
330;benebbel;8;236;300;96,0;91,9;91,9;91;
331;taben;5;261;333;91,9;94,9;91,9;91;
332;niekeling;9;235;334;91,9;95,6;91,9;91;
333;vonlastisch;11;235;334;91,9;94,3;91,9;91;
334;miakinaal;9;222;324;91,9;93,8;91,9;91;
335;aketolief;9;227;327;93,5;92,0;92,0;92;
336;mialaltiek;10;288;326;92,0;95,5;92,0;92;
337;topelig;7;262;288;92,0;93,4;92,0;92;
338;orjetier;8;249;319;92,0;95,7;92,0;92;
339;fibrattaren;11;249;307;92,0;95,5;92,0;92;
340;vikoor;6;236;306;92,0;95,9;92,0;92;
341;verscheeg;9;242;328;92,6;92,0;92,0;92;
342;hetetiekorps;12;210;336;92,0;92,2;92,0;92;
343;fortorij;8;302;315;92,0;92,3;92,0;92;
344;vlum;4;276;285;92,0;94,8;92,0;92;
345;soddet;6;276;285;92,0;93,7;92,0;92;
346;tegissant;9;263;330;92,0;93,3;92,0;92;
347;halboeglijk;11;263;316;92,0;94,7;92,0;92;
348;verdaspen;9;263;316;92,0;95,0;92,0;92;
349;schurding;9;263;316;92,0;95,3;92,0;92;
350;vejarist;8;263;345;92,0;94,8;92,0;92;
351;kiksel;6;237;307;92,0;93,8;92,0;92;
352;zergulatie;10;277;327;92,0;94,2;92,0;92;
353;gussiraal;9;264;302;92,0;96,5;92,0;92;
354;voseraar;8;264;327;92,0;92,9;92,0;92;
355;statsen;7;268;317;93,7;92,0;92,0;92;
356;apennatig;9;243;317;92,6;92,0;92,0;92;
357;terasonaren;11;270;304;92,6;92,0;92,0;92;
358;creromaren;10;265;316;92,1;92,3;92,1;92;
359;frieperd;8;265;316;92,1;95,0;92,1;92;
360;grateusel;9;255;292;92,2;92,1;92,1;92;
361;lepij;5;239;298;92,1;94,3;92,1;92;
362;surisie;7;239;298;92,1;92,2;92,1;92;
363;doning;6;226;319;92,1;95,4;92,1;92;
364;locaan;6;226;343;92,1;95,4;92,1;92;
365;messtaad;8;266;305;92,1;94,1;92,1;92;
366;schokeldijn;11;253;312;92,1;96,6;92,1;92;
367;erkeur;6;240;293;92,1;93,9;92,1;92;
368;tinpeloos;9;240;329;92,1;94,2;92,1;92;
369;bedijgbaar;10;240;322;92,1;93,5;92,1;92;
370;berstaling;10;240;308;92,1;93,8;92,1;92;
371;dymkactisch;11;227;314;92,1;96,3;92,1;92;
372;echterijn;9;227;310;92,1;92,9;92,1;92;
373;rumrokking;10;227;318;92,1;97,0;92,1;92;
374;ibbens;6;254;320;92,1;93,8;92,1;92;
375;werium;6;228;305;92,2;94,1;92,2;92;
376;hapueel;7;244;322;93,1;92,2;92,2;92;
377;geldel;6;255;318;92,2;93,4;92,2;92;
378;clormisch;9;255;313;92,2;92,6;92,2;92;
379;caflonsis;9;255;325;92,2;97,4;92,2;92;
380;grarieel;8;264;309;92,8;92,2;92,2;92;
381;kleffier;8;244;309;92,7;92,2;92,2;92;
382;prikezie;8;242;322;92,2;93,5;92,2;92;
383;pakpaustine;11;242;320;92,2;94,7;92,2;92;
384;otlikisme;9;242;328;92,2;94,9;92,2;92;
385;jagradieel;10;240;323;95,6;92,2;92,2;92;
386;wedigrafisch;12;256;318;92,2;93,0;92,2;92;
387;letmiek;7;243;327;92,2;95,8;92,2;92;
388;afrepent;8;216;313;92,2;94,6;92,2;92;
389;honcretie;9;270;302;92,2;93,4;92,2;92;
390;tistorie;8;270;304;92,2;93,1;92,2;92;
391;prokomoren;10;230;336;92,2;95,9;92,2;92;
392;waanderijks;11;230;297;92,2;93,6;92,2;92;
393;oppumetie;9;250;298;92,4;92,2;92,2;92;
394;asdanonaal;10;244;330;92,2;95,5;92,2;92;
395;aanstildelijk;13;250;339;95,4;92,2;92,2;92;
396;ablociltuur;11;254;312;92,5;92,2;92,2;92;
397;deharstructie;13;259;299;93,5;92,3;92,3;92;
398;mekontaan;9;272;310;92,3;95,2;92,3;92;
399;inschubelijk;12;272;307;92,3;93,5;92,3;92;
400;atendueen;9;245;314;92,3;93,3;92,3;92;
401;vesolcineerd;12;245;314;92,3;93,3;92,3;92;
402;valetig;7;218;319;92,3;95,4;92,3;92;
403;plisterig;9;265;327;92,5;92,3;92,3;92;
404;geschiend;9;227;327;93,5;92,3;92,3;92;
405;pabroos;7;243;327;94,4;92,3;92,3;92;
406;hapiek;6;250;300;92,4;92,3;92,3;92;
407;larton;6;219;336;92,3;93,4;92,3;92;
408;ligittie;8;219;352;92,3;96,4;92,3;92;
409;keumige;7;239;315;93,4;92,3;92,3;92;
410;safetantie;10;274;303;92,3;93,7;92,3;92;
411;drapolen;8;233;336;92,3;92,8;92,3;92;
412;venterm;7;247;346;92,3;93,9;92,3;92;
413;vereberend;10;261;291;92,3;94,9;92,3;92;
414;sonspering;10;276;330;92,8;92,3;92,3;92;
415;ontzuppen;9;275;311;92,3;94,2;92,3;92;
416;vlox;4;262;344;95,2;92,4;92,4;92;
417;meeuwelin;9;234;323;92,4;95,1;92,4;92;
418;cagstentieel;12;224;317;93,0;92,4;92,4;92;
419;ematintatie;11;262;320;92,4;93,4;92,4;92;
420;krepadetie;10;262;324;92,4;95,1;92,4;92;
421;pluwelaan;9;262;324;92,4;93,2;92,4;92;
422;afbas;5;221;331;94,3;92,4;92,4;92;
423;pronvettist;11;257;345;94,3;92,4;92,4;92;
424;veding;6;229;290;94,0;92,4;92,4;92;
425;marwetisch;10;240;290;93,4;92,4;92,4;92;
426;ellepitie;9;235;304;92,4;94,1;92,4;92;
427;rerdaturaat;11;235;309;92,4;95,2;92,4;92;
428;calalect;8;263;301;92,4;93,7;92,4;92;
429;gepoping;8;263;316;92,4;96,3;92,4;92;
430;trirvioen;9;277;326;92,4;95,2;92,4;92;
431;volstutig;9;249;305;92,8;92,4;92,4;92;
432;slimmelen;9;235;319;92,8;92,4;92,4;92;
433;belleemheid;11;223;338;92,4;93,5;92,4;92;
434;conjentralen;12;237;300;92,4;95,4;92,4;92;
435;tretting;8;237;300;92,4;92,6;92,4;92;
436;pideletuur;10;237;300;92,4;93,3;92,4;92;
437;konnelig;8;251;329;92,5;93,9;92,5;92;
438;gesiel;6;265;289;92,5;93,4;92,5;92;
439;kroden;6;266;305;92,5;92,8;92,5;92;
440;feis;4;238;349;92,5;93,7;92,5;92;
441;pleuts;6;238;329;92,5;93,0;92,5;92;
442;dierin;6;244;308;94,8;92,5;92,5;92;
443;ballelliek;10;244;309;94,4;92,5;92,5;92;
444;hutaar;6;253;326;92,5;97,4;92,5;92;
445;jarloficaat;11;239;306;92,5;93,8;92,5;92;
446;glappelig;9;271;324;95,0;92,5;92,5;92;
447;boppelen;8;242;324;93,9;92,5;92,5;92;
448;vollundig;9;262;324;94,4;92,5;92,5;92;
449;zijketig;8;251;324;94,5;92,5;92,5;92;
450;judrulant;9;268;323;92,5;94,8;92,5;92;
451;bedoerderen;11;268;299;92,5;95,8;92,5;92;
452;siltoberen;10;254;307;92,5;93,5;92,5;92;
453;omrundend;9;254;308;92,5;94,2;92,5;92;
454;sekker;6;255;292;92,6;97,5;92,6;92;
455;gattiaal;8;241;293;92,6;92,8;92,6;92;
456;waspisitie;10;241;321;92,6;94,4;92,6;92;
457;gorm;4;227;318;92,6;94,4;92,6;92;
458;kondreiten;10;256;284;93,0;92,6;92,6;92;
459;klampigaal;10;270;306;92,6;93,5;92,6;92;
460;mipel;5;242;309;92,6;95,2;92,6;92;
461;lozeraal;8;242;313;92,6;94,6;92,6;92;
462;fupieus;7;242;314;92,6;92,6;92,6;92;
463;ladramage;9;242;344;92,6;93,6;92,6;92;
464;verzieving;10;242;320;92,6;94,7;92,6;92;
465;krussig;7;268;299;92,9;92,6;92,6;92;
466;progeceteur;11;247;299;93,2;92,6;92,6;92;
467;berkoer;7;228;356;92,6;94,1;92,6;92;
468;nogen;5;228;355;92,6;93,2;92,6;92;
469;vildaren;8;251;342;93,3;92,6;92,6;92;
470;puintenij;9;256;314;94,7;92,6;92,6;92;
471;venijnten;9;257;303;92,6;94,4;92,6;92;
472;inonfie;7;243;305;92,6;96,2;92,6;92;
473;ennilie;7;243;321;92,6;93,8;92,6;92;
474;annevirie;9;221;315;94,8;92,6;92,6;92;
475;hundes;6;258;314;92,7;94,0;92,7;92;
476;mempen;6;257;344;93,4;92,7;92,7;92;
477;corbemitie;10;244;287;93,1;92,7;92,7;92;
478;wistiek;7;244;317;92,7;95,4;92,7;92;
479;gersnokkend;11;244;309;92,7;96,3;92,7;92;
480;scholotisch;11;273;335;92,7;93,1;92,7;92;
481;veraand;7;230;321;92,7;92,8;92,7;92;
482;recronaren;10;255;302;93,0;92,7;92,7;92;
483;slaam;5;302;315;92,7;93,0;92,7;92;
484;berennelen;10;245;321;92,7;95,7;92,7;92;
485;dederaar;8;274;319;92,7;92,7;92,7;92;
486;nokaar;6;231;340;92,7;92,9;92,7;92;
487;kovetie;7;246;317;92,7;94,4;92,7;92;
488;wilmgroei;9;246;317;92,7;93,7;92,7;92;
489;warderlijk;10;261;331;92,7;95,5;92,7;92;
490;kotaal;6;261;302;92,7;93,7;92,7;92;
491;lioleit;7;276;314;92,8;94,6;92,8;92;
492;awanteur;8;218;319;92,8;95,7;92,8;92;
493;kienelig;8;230;291;93,1;92,8;92,8;92;
494;tederie;7;273;335;93,4;92,8;92,8;92;
495;stiefloen;9;277;336;92,8;97,2;92,8;92;
496;gesigaraseerd;13;245;350;94,0;92,8;92,8;92;
497;warralist;9;248;351;92,8;96,1;92,8;92;
498;filfiet;7;239;321;95,2;92,8;92,8;92;
499;artilef;7;231;321;93,2;92,8;92,8;92;
500;rangrictie;10;210;336;93,0;92,8;92,8;92;
501;erferaan;8;263;325;92,8;93,5;92,8;92;
502;soskerij;8;234;277;92,8;96,2;92,8;92;
503;lurdig;6;234;323;92,8;94,1;92,8;92;
504;mardon;6;249;327;92,8;95,5;92,8;92;
505;tradidee;8;256;279;97,5;92,8;92,8;92;
506;aruindig;8;271;324;94,2;92,9;92,9;92;
507;vorris;6;221;331;92,9;95,9;92,9;92;
508;geloordelijk;12;236;326;92,9;95,2;92,9;92;
509;kedeling;8;236;296;92,9;93,2;92,9;92;
510;odpesie;7;236;300;92,9;96,1;92,9;92;
511;zwaldel;7;251;342;92,9;96,0;92,9;92;
512;vrietist;8;266;319;92,9;97,0;92,9;92;
513;mabaat;6;237;301;92,9;95,5;92,9;92;
514;ekmisch;7;252;332;92,9;94,6;92,9;92;
515;warmunetie;10;223;338;92,9;94,1;92,9;92;
516;rilomode;8;238;314;92,9;96,6;92,9;92;
517;kovioen;7;253;299;92,9;93,0;92,9;92;
518;bedeuriging;11;239;306;93,0;94,2;93,0;93;
519;vezerting;9;254;317;93,0;95,7;93,0;93;
520;ramarij;7;269;347;93,0;95,1;93,0;93;
521;propikkeron;11;269;336;93,0;95,3;93,0;93;
522;zoorn;5;269;346;93,0;95,4;93,0;93;
523;revost;6;269;313;93,0;95,0;93,0;93;
524;boltpomier;10;284;281;93,0;96,3;93,0;93;
525;atser;5;251;329;93,7;93,0;93,0;93;
526;uigenoord;9;244;330;93,5;93,0;93,0;93;
527;kaspeligisch;12;252;359;94,2;93,0;93,0;93;
528;gruleristisch;13;240;303;93,0;95,1;93,0;93;
529;faliliedeen;11;240;322;93,0;94,1;93,0;93;
530;lafus;5;240;338;93,0;95,0;93,0;93;
531;vetadiel;8;263;300;94,8;93,0;93,0;93;
532;flonstelend;11;240;290;93,0;94,2;93,0;93;
533;vebruchten;10;240;313;93,0;93,3;93,0;93;
534;doleton;7;247;361;94,5;93,0;93,0;93;
535;begerving;9;243;346;95,2;93,0;93,0;93;
536;zwemalaar;9;240;316;93,4;93,0;93,0;93;
537;admedaren;9;257;344;93,0;95,1;93,0;93;
538;bolsode;7;242;309;93,0;94,9;93,0;93;
539;zem;3;242;307;93,0;95,5;93,0;93;
540;bajoktrant;10;249;303;95,3;93,1;93,1;93;
541;pindermaad;10;258;299;93,1;96,1;93,1;93;
542;holinge;7;258;320;93,1;93,4;93,1;93;
543;bemieger;8;238;319;95,1;93,1;93,1;93;
544;krosiaal;8;228;355;93,1;95,0;93,1;93;
545;beknisseerd;11;274;321;93,1;93,1;93,1;93;
546;smeven;6;259;299;93,1;95,1;93,1;93;
547;belongelaar;11;244;308;93,1;95,6;93,1;93;
548;amenlaar;8;244;328;93,1;93,9;93,1;93;
549;pigiek;6;244;352;93,1;94,9;93,1;93;
550;berspreuking;12;266;336;93,7;93,1;93,1;93;
551;machteteel;10;260;317;93,1;94,4;93,1;93;
552;sturden;7;258;352;93,9;93,1;93,1;93;
553;venedegen;9;291;345;93,1;95,7;93,1;93;
554;papijl;6;243;337;94,4;93,1;93,1;93;
555;berklarren;10;230;337;93,1;95,6;93,1;93;
556;berduitelijk;12;246;307;94,9;93,1;93,1;93;
557;brongen;7;261;336;93,1;95,0;93,1;93;
558;lulstbandig;11;261;336;93,1;97,2;93,1;93;
559;iltrentaat;10;246;307;93,2;94,2;93,2;93;
560;inustogen;9;246;294;93,2;95,3;93,2;93;
561;pewarante;9;277;326;93,2;97,4;93,2;93;
562;verisserig;10;277;336;93,2;97,8;93,2;93;
563;knimmelig;9;231;340;93,2;94,7;93,2;93;
564;vereberen;9;220;308;93,3;93,2;93,2;93;
565;vrunteling;10;262;324;93,2;96,8;93,2;93;
566;benild;6;262;288;93,2;95,2;93,2;93;
567;priomme;7;262;321;93,2;93,8;93,2;93;
568;troekens;8;262;293;93,2;96,0;93,2;93;
569;allervans;9;256;324;93,4;93,2;93,2;93;
570;mupline;7;247;314;93,2;96,3;93,2;93;
571;roportiek;9;247;310;93,2;93,5;93,2;93;
572;mosimaal;8;266;340;94,1;93,2;93,2;93;
573;angraar;7;232;340;93,2;94,1;93,2;93;
574;feiker;6;232;306;93,2;94,5;93,2;93;
575;flonstelen;10;263;343;93,2;95,7;93,2;93;
576;snulten;7;248;286;93,2;95,2;93,2;93;
577;wenalia;7;264;289;93,2;97,8;93,2;93;
578;nemenraal;9;236;311;96,0;93,2;93,2;93;
579;corstorte;9;249;302;93,2;95,1;93,2;93;
580;vehegen;7;227;327;93,5;93,2;93,2;93;
581;dasken;6;234;324;93,3;93,5;93,3;93;
582;opgakerij;9;250;331;93,3;95,9;93,3;93;
583;vezaren;7;250;305;93,3;94,5;93,3;93;
584;legroperiseren;14;250;356;93,3;93,8;93,3;93;
585;braar;5;262;344;93,6;93,3;93,3;93;
586;guitak;6;235;319;93,3;93,7;93,3;93;
587;kienstbaal;10;282;314;93,3;95,3;93,3;93;
588;glistelijk;10;251;306;93,3;95,9;93,3;93;
589;verspreigen;11;251;306;93,3;94,5;93,3;93;
590;tivartie;8;242;314;93,5;93,3;93,3;93;
591;karzien;7;267;338;93,3;94,7;93,3;93;
592;smakteel;8;267;340;93,3;95,4;93,3;93;
593;kalbelade;9;220;308;93,3;94,9;93,3;93;
594;raterliet;9;236;311;93,3;95,9;93,3;93;
595;dolstueel;9;268;299;95,3;93,3;93,3;93;
596;virmieel;8;268;317;93,3;93,7;93,3;93;
597;uitklesting;11;221;323;93,3;94,8;93,3;93;
598;plurarinaan;11;258;316;95,9;93,3;93,3;93;
599;wrijmeraar;10;237;285;93,3;97,0;93,3;93;
600;kiddermaad;10;253;299;93,3;94,7;93,3;93;
601;duskaal;7;269;346;93,3;95,1;93,3;93;
602;onterweven;10;251;317;94,1;93,4;93,4;93;
603;mazein;6;224;317;93,4;93,4;93,4;93;
604;alsprengen;10;250;317;95,8;93,4;93,4;93;
605;kavree;6;254;331;93,4;96,8;93,4;93;
606;renodregen;10;254;301;93,4;97,6;93,4;93;
607;doornarstoken;13;254;298;93,4;95,4;93,4;93;
608;roebiel;7;239;329;93,4;96,2;93,4;93;
609;arfoezelen;10;271;337;93,4;95,0;93,4;93;
610;vecindeerd;10;231;319;94,1;93,4;93,4;93;
611;kapogerie;9;274;319;95,0;93,4;93,4;93;
612;simperechtend;13;272;303;93,4;94,4;93,4;93;
613;veschosting;11;255;320;95,9;93,4;93,4;93;
614;moetel;6;272;289;96,5;93,4;93,4;93;
615;congildie;9;237;289;95,6;93,4;93,4;93;
616;brerine;7;257;330;93,4;96,8;93,4;93;
617;kojoluut;8;274;317;93,5;94,7;93,5;93;
618;momp;4;258;314;93,5;96,0;93,5;93;
619;opprinee;8;258;301;93,5;95,8;93,5;93;
620;omvaan;6;225;356;94,4;93,5;93,5;93;
621;kwiecht;7;244;308;94,0;93,5;93,5;93;
622;haltoen;7;276;314;93,5;95,0;93,5;93;
623;sorkeel;7;276;278;93,5;97,0;93,5;93;
624;buraak;6;260;321;93,5;95,1;93,5;93;
625;okdrimaat;9;229;325;94,5;93,5;93,5;93;
626;prip;4;231;309;94,5;93,5;93,5;93;
627;atsel;5;243;309;95,2;93,5;93,5;93;
628;gestensen;9;244;330;93,5;94,3;93,5;93;
629;vepekenen;9;244;309;93,5;96,9;93,5;93;
630;ebelij;6;228;285;93,5;94,5;93,5;93;
631;flibbel;7;247;310;94,5;93,5;93,5;93;
632;prootsing;9;258;310;93,9;93,5;93,5;93;
633;gebruursheerd;13;245;310;93,6;94,6;93,6;93;
634;infilrie;8;252;294;95,0;93,6;93,6;93;
635;beharmes;8;256;327;94,2;93,6;93,6;93;
636;emedeel;7;227;327;94,0;93,6;93,6;93;
637;dadegantie;10;229;304;93,6;95,2;93,6;93;
638;veleet;6;229;317;93,6;94,7;93,6;93;
639;gevina;6;262;324;93,6;96,8;93,6;93;
640;dipiadier;9;262;321;93,6;93,8;93,6;93;
641;olletude;8;262;324;93,6;96,4;93,6;93;
642;dertigeloog;11;259;295;95,5;93,6;93,6;93;
643;chovibijn;9;246;341;93,6;95,1;93,6;93;
644;blomie;6;263;345;93,6;94,8;93,6;93;
645;rakwan;6;263;327;93,6;95,8;93,6;93;
646;jalmis;6;263;317;93,6;96,3;93,6;93;
647;namerijn;8;263;366;93,6;94,8;93,6;93;
648;speesing;8;246;346;95,7;93,6;93,6;93;
649;soorteraan;10;243;346;94,8;93,6;93,6;93;
650;brijpen;7;243;347;94,4;93,6;93,6;93;
651;appirtalief;11;242;314;95,2;93,6;93,6;93;
652;kettident;9;237;282;95,6;93,7;93,7;93;
653;comgemetie;10;249;319;93,7;94,4;93,7;93;
654;faredrafie;10;249;307;93,7;95,5;93,7;93;
655;bervloezing;11;233;316;93,7;97,0;93,7;93;
656;traten;6;250;323;93,7;93,8;93,7;93;
657;kantimaak;9;274;317;94,6;93,7;93,7;93;
658;vemekken;8;267;334;93,7;95,0;93,7;93;
659;pihengiaat;10;234;317;93,7;97,3;93,7;93;
660;ogernabaring;12;234;323;93,7;95,8;93,7;93;
661;aanjonterlijk;13;251;303;93,7;95,5;93,7;93;
662;pomite;6;218;338;93,7;94,4;93,7;93;
663;sietsel;7;261;302;95,2;93,7;93,7;93;
664;dargel;6;236;319;95,1;93,7;93,7;93;
665;dofikotief;10;269;308;93,7;96,2;93,7;93;
666;schobeting;10;219;365;93,8;97,1;93,8;93;
667;benipofaant;11;236;289;93,8;96,7;93,8;93;
668;vespoetening;12;253;313;93,8;96,0;93,8;93;
669;nastrijls;9;254;333;93,8;94,6;93,8;93;
670;onslardelijk;12;254;314;93,8;96,3;93,8;93;
671;brorkelen;9;238;373;93,8;96,9;93,8;93;
672;marsens;7;238;319;93,8;94,7;93,8;93;
673;spropend;8;265;340;95,2;93,8;93,8;93;
674;ongertief;9;274;341;95,8;93,8;93,8;93;
675;wanmecutie;10;239;313;93,8;95,6;93,8;93;
676;dekeel;6;263;325;94,4;93,8;93,8;93;
677;aaldijding;10;274;303;93,9;96,5;93,9;93;
678;pronippe;8;258;319;93,9;97,4;93,9;93;
679;waarbijn;8;258;333;93,9;97,2;93,9;93;
680;opana;5;249;327;94,1;93,9;93,9;93;
681;kwantonelief;12;259;330;93,9;97,4;93,9;93;
682;obkatief;8;259;321;93,9;95,7;93,9;93;
683;michten;7;260;311;93,9;93,9;93,9;93;
684;sturarte;8;242;265;93,9;96,4;93,9;93;
685;derebas;7;252;294;95,0;93,9;93,9;93;
686;remiketie;9;225;301;93,9;95,1;93,9;93;
687;ruimkreging;11;265;329;94,8;93,9;93,9;93;
688;pammerd;7;237;312;94,7;93,9;93,9;93;
689;jagogdictie;11;238;296;95,6;94,0;94,0;94;
690;arachteleem;11;244;309;94,0;95,9;94,0;94;
691;lommon;6;244;312;94,0;97,6;94,0;94;
692;traar;5;247;314;94,0;94,0;94,0;94;
693;wacromeren;10;230;314;94,1;94,0;94,0;94;
694;ijseraan;8;227;310;94,0;95,6;94,0;94;
695;idditent;8;262;320;94,0;96,1;94,0;94;
696;vioron;6;252;297;95,4;94,0;94,0;94;
697;kosdeeld;8;263;317;94,0;95,0;94,0;94;
698;slatetie;8;228;285;94,0;95,6;94,0;94;
699;stougelin;9;281;318;94,0;96,4;94,0;94;
700;fitgeraal;9;246;346;94,0;95,4;94,0;94;
701;twaads;6;264;309;94,0;95,9;94,0;94;
702;naromender;10;264;306;94,0;94,5;94,0;94;
703;resenloren;10;264;319;94,0;96,0;94,0;94;
704;howeliteit;10;229;360;94,0;96,5;94,0;94;
705;toedekaat;9;247;335;94,0;97,2;94,0;94;
706;hepeloos;8;250;300;97,1;94,0;94,0;94;
707;aprennief;9;211;318;94,5;94,0;94,0;94;
708;heltelijk;9;266;304;94,1;95,5;94,1;94;
709;geballelijk;11;266;309;94,1;95,9;94,1;94;
710;truma;5;249;302;94,1;94,8;94,1;94;
711;fluwaag;7;249;327;94,1;95,5;94,1;94;
712;vivoel;6;267;307;94,1;94,2;94,1;94;
713;drootsing;9;267;326;94,1;96,4;94,1;94;
714;adpront;7;239;321;95,2;94,1;94,1;94;
715;dochtkrij;9;232;334;94,1;95,3;94,1;94;
716;peject;6;232;341;94,1;96,6;94,1;94;
717;iddimeren;9;250;317;94,1;95,4;94,1;94;
718;otij;4;286;331;94,1;95,9;94,1;94;
719;berklemen;9;272;286;94,6;94,1;94,1;94;
720;strokon;7;260;322;94,7;94,1;94,1;94;
721;insloeding;10;242;322;95,7;94,1;94,1;94;
722;bekattupeerd;12;263;323;94,4;94,1;94,1;94;
723;flazapeut;9;270;297;94,2;95,7;94,2;94;
724;instennaren;11;253;326;94,2;94,2;94,2;94;
725;miaak;5;235;304;94,2;94,8;94,2;94;
726;erkarts;7;235;343;94,2;96,6;94,2;94;
727;contallaren;11;236;326;95,1;94,2;94,2;94;
728;derultor;8;272;307;94,2;96,9;94,2;94;
729;jamier;6;254;301;94,2;95,1;94,2;94;
730;berkeuvelijlen;14;254;317;94,2;97,0;94,2;94;
731;umpstig;7;254;307;94,2;97,3;94,2;94;
732;vescheming;10;254;315;94,2;96,7;94,2;94;
733;pokenin;7;236;318;94,2;96,7;94,2;94;
734;berknelpen;10;236;318;94,2;95,7;94,2;94;
735;onrolen;7;236;303;94,2;94,4;94,2;94;
736;frarsen;7;247;327;94,5;94,2;94,2;94;
737;indokstatetie;13;244;309;94,4;94,2;94,2;94;
738;fiteek;6;255;321;94,2;97,7;94,2;94;
739;fluleuse;8;237;320;94,2;96,1;94,2;94;
740;doolwist;8;261;274;95,2;94,2;94,2;94;
741;entineuk;8;256;279;94,2;95,8;94,2;94;
742;groeking;8;269;311;96,5;94,2;94,2;94;
743;lekredie;8;238;319;94,3;95,4;94,3;94;
744;vedalen;7;262;293;95,2;94,3;94,3;94;
745;spruichen;9;241;330;96,1;94,3;94,3;94;
746;merraguur;9;275;311;94,3;95,6;94,3;94;
747;miomenten;9;257;319;94,3;94,4;94,3;94;
748;rolpstarrig;11;243;313;95,2;94,3;94,3;94;
749;afkotelijk;10;258;314;94,3;94,3;94,3;94;
750;tekenitie;9;258;339;94,3;95,7;94,3;94;
751;voeriek;7;260;332;96,4;94,3;94,3;94;
752;kirgedier;9;258;332;95,9;94,3;94,3;94;
753;bespreizing;11;240;277;94,3;94,3;94,3;94;
754;bastarheid;10;277;319;94,3;96,0;94,3;94;
755;maving;6;245;314;94,4;94,3;94,3;94;
756;banstelijk;10;242;314;94,3;94,3;94,3;94;
757;radalver;8;259;321;94,3;95,1;94,3;94;
758;oppebeuglijk;12;260;296;96,3;94,3;94,3;94;
759;muzegen;7;241;321;94,3;95,7;94,3;94;
760;tijmant;7;260;321;94,3;96,7;94,3;94;
761;versuppen;9;242;313;94,3;97,6;94,3;94;
762;beoorlaats;10;250;298;95,4;94,3;94,3;94;
763;oranfafeet;10;224;365;94,4;97,7;94,4;94;
764;onveschremen;12;224;336;94,8;94,4;94,4;94;
765;desakentie;10;243;289;94,4;97,5;94,4;94;
766;staliam;7;208;318;94,9;94,4;94,4;94;
767;korculien;9;262;321;94,4;95,4;94,4;94;
768;fivortripie;11;262;323;94,4;95,4;94,4;94;
769;gerstieding;11;244;333;94,4;94,9;94,4;94;
770;berhakkening;12;263;327;94,4;94,8;94,4;94;
771;flepelijk;9;263;312;94,4;97,0;94,4;94;
772;rebrijk;7;263;316;94,4;97,3;94,4;94;
773;wahaliter;9;263;317;94,4;95,0;94,4;94;
774;berstraaid;10;250;320;94,5;94,4;94,4;94;
775;mosmonol;8;264;303;94,4;96,5;94,4;94;
776;norgading;9;264;341;94,4;96,3;94,4;94;
777;ponenlijk;9;264;303;94,4;95,8;94,4;94;
778;lelomakatie;11;274;321;95,8;94,4;94,4;94;
779;bergastenis;11;252;321;95,8;94,4;94,4;94;
780;sutting;7;246;346;94,4;94,5;94,4;94;
781;aarberheid;10;242;265;96,1;94,4;94,4;94;
782;tergendioneel;13;265;316;94,4;97,0;94,4;94;
783;rordoyant;9;265;330;94,4;95,2;94,4;94;
784;toegons;7;265;301;94,4;96,2;94,4;94;
785;bladetig;8;236;303;96,4;94,4;94,4;94;
786;prurt;5;266;340;94,5;96,0;94,5;94;
787;keima;5;247;322;94,5;95,4;94,5;94;
788;eiltede;7;247;346;94,5;96,7;94,5;94;
789;smemalig;8;247;288;94,5;96,0;94,5;94;
790;broffeteur;10;242;324;95,7;94,5;94,5;94;
791;inteldaag;9;286;314;94,5;96,3;94,5;94;
792;starm;5;248;286;94,5;95,2;94,5;94;
793;noger;5;248;325;94,5;97,1;94,5;94;
794;wimming;7;268;317;94,5;95,4;94,5;94;
795;slaarmekker;11;230;287;94,5;97,1;94,5;94;
796;poventig;8;230;314;94,5;94,6;94,5;94;
797;omluiring;9;255;307;94,6;94,5;94,5;94;
798;berobaren;9;288;302;94,5;96,2;94,5;94;
799;bodervlaad;10;269;358;94,5;96,8;94,5;94;
800;weenschoppelijk;15;269;347;94,5;97,0;94,5;94;
801;rehotoren;9;243;327;95,2;94,5;94,5;94;
802;paknodraal;10;251;324;94,5;95,1;94,5;94;
803;berkerden;9;235;309;96,9;94,5;94,5;94;
804;sinuragen;9;252;332;94,6;94,9;94,6;94;
805;bonspiljet;10;261;291;96,8;94,6;94,6;94;
806;vetichten;9;248;330;95,8;94,6;94,6;94;
807;berdussen;9;263;330;97,6;94,6;94,6;94;
808;welsilaat;9;233;336;94,6;96,6;94,6;94;
809;inkichtig;9;233;309;94,6;96,3;94,6;94;
810;haledak;7;272;286;94,6;94,8;94,6;94;
811;ramenin;7;246;293;94,9;94,6;94,6;94;
812;lomguasief;10;274;319;94,6;96,7;94,6;94;
813;ongebels;8;274;341;94,6;96,6;94,6;94;
814;wanmentine;10;274;304;94,6;96,2;94,6;94;
815;zwoost;6;255;302;94,6;95,5;94,6;94;
816;efject;6;255;314;96,3;94,6;94,6;94;
817;verpijding;10;230;314;95,0;94,6;94,6;94;
818;riepoedig;9;236;296;94,6;95,7;94,6;94;
819;kuchtaan;8;256;318;94,7;97,0;94,7;94;
820;onsmallen;9;256;324;94,7;94,8;94,7;94;
821;lepenuit;8;276;278;94,7;96,2;94,7;94;
822;pijtens;7;258;336;96,3;94,7;94,7;94;
823;bermurmen;9;234;336;96,0;94,7;94,7;94;
824;pattedrag;9;257;286;94,7;97,1;94,7;94;
825;veteggelijk;11;257;286;94,7;97,1;94,7;94;
826;kofersief;9;257;322;94,7;97,4;94,7;94;
827;waflex;6;214;317;95,6;94,7;94,7;94;
828;castroek;8;218;338;94,7;95,6;94,7;94;
829;smelieus;8;238;349;94,7;95,8;94,7;94;
830;belelden;8;258;311;94,7;94,9;94,7;94;
831;geuist;6;264;319;97,6;94,7;94,7;94;
832;sefamziet;9;270;320;95,3;94,7;94,7;94;
833;crimodirateit;13;261;336;94,8;95,0;94,8;94;
834;berkleiten;10;221;321;94,8;96,1;94,8;94;
835;astenuldig;10;262;322;94,8;97,7;94,8;94;
836;dralk;5;262;293;94,8;95,3;94,8;94;
837;aatslijving;11;242;343;94,8;94,8;94,8;94;
838;telbioen;8;219;365;95,7;94,8;94,8;94;
839;cougeise;8;270;345;96,5;94,8;94,8;94;
840;linkotioneel;12;244;315;94,8;96,3;94,8;94;
841;welprolen;9;244;352;94,8;97,6;94,8;94;
842;omraarts;8;230;326;96,3;94,8;94,8;94;
843;onstronen;9;265;338;94,8;95,3;94,8;94;
844;berveugd;8;245;286;96,6;94,8;94,8;94;
845;veoorlinaar;11;286;315;94,8;97,7;94,8;94;
846;hogment;7;254;308;96,7;94,9;94,9;94;
847;fagteur;7;226;343;94,9;95,1;94,9;94;
848;akitet;6;247;346;94,9;97,9;94,9;94;
849;belonzelijk;11;255;309;96,3;94,9;94,9;94;
850;bepeudigen;10;268;310;94,9;96,6;94,9;94;
851;verieen;7;268;330;96,5;94,9;94,9;94;
852;trimalek;8;235;289;95,5;94,9;94,9;94;
853;nakenstitie;11;272;289;95,0;94,9;94,9;94;
854;breep;5;258;290;95,1;94,9;94,9;94;
855;meunel;6;260;311;96,0;94,9;94,9;94;
856;ouwacieten;10;270;345;94,9;96,6;94,9;94;
857;cordinegen;10;291;345;94,9;95,4;94,9;94;
858;largelings;10;248;312;95,3;94,9;94,9;94;
859;juweraren;9;250;356;94,9;96,5;94,9;94;
860;uitklorsel;10;251;315;95,0;96,3;95,0;95;
861;soscaal;7;251;325;95,0;96,8;95,0;95;
862;enstubonen;10;251;319;95,0;95,4;95,0;95;
863;kegemant;8;273;335;96,1;95,0;95,0;95;
864;meponteel;9;252;359;95,0;95,3;95,0;95;
865;betrallel;9;224;336;96,7;95,0;95,0;95;
866;posstaan;8;273;343;95,0;96,6;95,0;95;
867;grammooien;10;211;318;95,0;95,4;95,0;95;
868;zieuwerheid;11;261;359;96,0;95,0;95,0;95;
869;bleubel;7;275;300;95,0;95,1;95,0;95;
870;olwafolisch;11;254;314;95,0;97,3;95,0;95;
871;klergte;7;254;322;95,0;97,4;95,0;95;
872;wenuratie;9;258;339;95,5;95,0;95,0;95;
873;spropen;7;255;325;95,0;97,4;95,0;95;
874;onlongellijk;12;256;318;95,1;96,7;95,1;95;
875;sanoei;6;239;321;97,4;95,1;95,1;95;
876;ontplurben;10;257;316;95,1;95,7;95,1;95;
877;vefrarkeerd;11;263;300;96,4;95,1;95,1;95;
878;ronbioneel;10;263;343;95,2;95,1;95,1;95;
879;joddegrok;9;236;318;95,1;95,7;95,1;95;
880;dehomueel;9;237;301;95,6;95,1;95,1;95;
881;maarvaloos;10;237;347;95,1;95,4;95,1;95;
882;berspag;7;237;312;95,1;97,6;95,1;95;
883;darmakent;9;259;329;95,1;97,1;95,1;95;
884;berkikken;9;234;324;96,9;95,1;95,1;95;
885;schesser;8;260;310;95,1;96,9;95,1;95;
886;berstessen;10;239;283;96,0;95,2;95,2;95;
887;zeben;5;266;305;96,8;95,2;95,2;95;
888;ontjazen;8;265;327;96,0;95,2;95,2;95;
889;astemeeslijk;12;277;327;95,8;95,2;95,2;95;
890;vrebaal;7;219;336;95,2;95,9;95,2;95;
891;tozinees;8;219;347;95,2;97,0;95,2;95;
892;tederieden;10;263;343;95,2;95,7;95,2;95;
893;rerditie;8;268;307;95,7;95,2;95,2;95;
894;frimekel;8;242;328;95,2;95,5;95,2;95;
895;agsinent;8;241;330;95,6;95,2;95,2;95;
896;ameping;7;279;308;97,0;95,2;95,2;95;
897;curgeef;7;242;321;95,2;97,4;95,2;95;
898;ijmgarig;8;264;373;95,2;97,5;95,2;95;
899;contrellaren;12;219;353;95,7;95,2;95,2;95;
900;menlariteit;11;244;309;95,3;95,2;95,2;95;
901;onterziemen;11;261;309;96,4;95,2;95,2;95;
902;gersovelaar;11;265;329;95,2;97,8;95,2;95;
903;inwartief;9;243;321;95,2;96,1;95,2;95;
904;gloken;6;243;347;95,2;96,4;95,2;95;
905;onjamming;9;244;328;95,3;96,5;95,3;95;
906;oppumaren;9;258;311;95,5;95,3;95,3;95;
907;warspelatie;11;237;289;95,6;95,3;95,3;95;
908;akkerief;8;289;314;95,3;95,3;95,3;95;
909;gersoveling;11;272;289;96,9;95,3;95,3;95;
910;versaander;10;267;334;95,3;95,9;95,3;95;
911;kuvor;5;254;312;95,9;95,3;95,3;95;
912;verponpenen;11;268;324;95,3;96,4;95,3;95;
913;ligeggisch;10;246;314;95,3;97,3;95,3;95;
914;oorpoop;7;258;336;96,7;95,3;95,3;95;
915;porkon;6;247;292;95,3;96,0;95,3;95;
916;kenselein;9;227;337;95,4;95,3;95,3;95;
917;gemaaf;6;225;310;95,3;96,9;95,3;95;
918;gerstordig;10;238;315;95,6;95,3;95,3;95;
919;gigkruchtig;11;248;330;95,3;97,8;95,3;95;
920;kilselen;8;248;286;95,3;96,3;95,3;95;
921;osmeling;8;226;341;95,3;95,4;95,3;95;
922;vestesseling;12;250;339;97,1;95,3;95,3;95;
923;egknotisch;10;251;294;96,6;95,3;95,3;95;
924;pogendaart;10;249;347;95,3;96,4;95,3;95;
925;suppijkt;8;249;360;95,3;97,1;95,3;95;
926;inspate;7;249;307;95,3;95,9;95,3;95;
927;norpens;7;249;291;95,3;96,0;95,3;95;
928;bemettalijk;11;250;317;96,6;95,4;95,4;95;
929;ospassedeur;11;258;317;96,7;95,4;95,4;95;
930;darfortant;10;272;303;95,4;96,5;95,4;95;
931;roefdra;7;227;319;95,4;97,4;95,4;95;
932;tidrolen;8;250;272;95,4;96,9;95,4;95;
933;vuiding;7;226;319;97,2;95,4;95,4;95;
934;wijranig;8;228;355;95,4;96,7;95,4;95;
935;trewen;6;251;303;95,4;96,5;95,4;95;
936;wemiak;6;251;300;95,4;97,5;95,4;95;
937;bameen;6;261;297;96,8;95,4;95,4;95;
938;veleniteerd;11;252;306;95,4;96,2;95,4;95;
939;hentin;6;230;314;95,4;96,6;95,4;95;
940;zuimnatuatie;12;253;314;95,4;97,7;95,4;95;
941;podenschap;10;263;345;96,0;95,4;95,4;95;
942;numelnetiek;11;253;293;95,4;96,4;95,4;95;
943;vereuben;8;253;326;95,4;97,7;95,4;95;
944;berlongen;9;233;346;97,3;95,4;95,4;95;
945;berschippend;12;234;323;95,5;95,4;95,4;95;
946;smapmatisch;11;254;298;95,4;95,8;95,4;95;
947;glarkier;8;254;320;95,4;96,1;95,4;95;
948;onvepeilerd;11;231;319;95,4;96,0;95,4;95;
949;fabroet;7;208;318;95,4;96,7;95,4;95;
950;bokenlien;9;237;347;96,9;95,4;95,4;95;
951;brelder;7;255;334;95,5;96,2;95,5;95;
952;zopel;5;249;302;95,8;95,5;95,5;95;
953;glarsuis;8;233;316;95,5;97,7;95,5;95;
954;vescheligd;10;272;303;95,7;95,5;95,5;95;
955;vebierding;10;248;327;96,2;95,5;95,5;95;
956;holalen;7;257;345;95,5;96,3;95,5;95;
957;fririlen;8;257;331;95,5;95,9;95,5;95;
958;pinikent;8;270;304;95,7;95,5;95,5;95;
959;attikt;6;243;328;96,5;95,5;95,5;95;
960;onnerwande;10;238;328;95,6;95,5;95,5;95;
961;navanning;9;258;316;95,5;97,7;95,5;95;
962;imbing;6;264;305;97,6;95,5;95,5;95;
963;mobbijn;7;228;305;95,8;95,5;95,5;95;
964;bebriepig;9;235;343;95,5;96,0;95,5;95;
965;ligeggie;8;259;331;95,5;96,8;95,5;95;
966;bermoring;9;259;320;95,5;97,0;95,5;95;
967;datsim;6;236;283;95,5;95,9;95,5;95;
968;walarminant;11;236;296;95,5;96,4;95,5;95;
969;evijs;5;260;331;95,5;97,8;95,5;95;
970;menetens;8;261;331;96,0;95,5;95,5;95;
971;prijper;7;250;331;96,6;95,5;95,5;95;
972;sches;5;220;308;97,1;95,6;95,6;95;
973;tagisor;7;237;300;95,6;96,1;95,6;95;
974;okstobutie;10;237;300;95,6;96,5;95,6;95;
975;vedraand;8;261;291;95,6;96,4;95,6;95;
976;rerk;4;261;336;95,6;97,5;95,6;95;
977;bepegdeld;9;266;309;95,6;95,6;95,6;95;
978;vemechten;9;231;309;95,9;95,6;95,6;95;
979;lestrundie;10;238;341;95,6;96,0;95,6;95;
980;sneem;5;272;286;95,7;95,6;95,6;95;
981;flusegen;8;286;315;95,6;97,7;95,6;95;
982;grapisie;8;255;334;97,5;95,6;95,6;95;
983;bieuw;5;239;321;95,6;96,4;95,6;95;
984;tromsiets;9;264;302;95,6;97,6;95,6;95;
985;wanositie;9;264;302;95,6;96,5;95,6;95;
986;fomiheer;8;255;313;97,5;95,6;95,6;95;
987;intuileinend;12;265;340;95,6;96,6;95,6;95;
988;fafial;6;241;295;95,6;96,4;95,6;95;
989;neuroek;7;217;312;95,6;97,6;95,6;95;
990;infalbaren;10;230;314;95,9;95,6;95,6;95;
991;berzieging;10;266;288;95,6;96,0;95,6;95;
992;meetdelijk;10;242;299;95,7;97,2;95,7;95;
993;mavil;5;267;301;95,7;96,2;95,7;95;
994;wedrokoom;9;243;331;95,7;97,5;95,7;95;
995;brirkeling;10;243;328;95,7;97,8;95,7;95;
996;slanspalent;11;268;330;95,7;96,8;95,7;95;
997;rolebram;8;269;311;95,7;97,3;95,7;95;
998;ebiblom;7;245;310;95,7;97,6;95,7;95;
999;lurlerig;8;245;315;95,7;97,7;95,7;95;
1000;fatijd;6;246;346;95,7;97,9;95,7;95;
1001;schijgswerf;11;249;321;95,8;95,7;95,7;95;
1002;blacht;6;246;322;96,1;95,8;95,8;95;
1003;miklenatisch;12;234;323;96,0;95,8;95,8;95;
1004;kanvelijkheid;13;249;319;95,8;97,0;95,8;95;
1005;roetorre;8;274;303;95,8;96,9;95,8;95;
1006;viriowaald;10;276;325;95,8;96,4;95,8;95;
1007;allizelaar;10;251;329;95,8;96,2;95,8;95;
1008;bevloetedis;11;226;343;95,8;97,9;95,8;95;
1009;senigen;7;227;341;95,8;96,0;95,8;95;
1010;inslaletie;10;253;315;95,8;96,0;95,8;95;
1011;traspontij;10;259;329;96,7;95,8;95,8;95;
1012;gerpierzel;10;252;329;97,5;95,8;95,8;95;
1013;gerulbel;8;254;322;95,9;96,4;95,9;95;
1014;lolict;6;266;305;96,4;95,9;95,9;95;
1015;koefmobberij;12;255;337;95,9;97,8;95,9;95;
1016;roortrig;8;230;321;95,9;96,4;95,9;95;
1017;berdomelen;10;230;307;95,9;97,3;95,9;95;
1018;scruputoel;10;258;333;96,3;95,9;95,9;95;
1019;strarokie;9;263;359;96,8;95,9;95,9;95;
1020;eukereed;8;231;326;95,9;97,4;95,9;95;
1021;tibbegen;8;257;319;95,9;97,0;95,9;95;
1022;frideurlet;10;232;301;95,9;96,2;95,9;95;
1023;ofslijkbaar;11;258;314;95,9;97,0;95,9;95;
1024;anwaad;6;233;335;95,9;96,2;95,9;95;
1025;bevrielten;10;234;317;96,0;96,0;96,0;96;
1026;smoebaan;8;260;366;96,0;96,5;96,0;96;
1027;ekpillantie;11;234;336;96,0;96,9;96,0;96;
1028;bermegen;8;234;323;96,0;96,7;96,0;96;
1029;blort;5;234;336;96,0;96,6;96,0;96;
1030;inophaarbaar;12;269;313;97,3;96,0;96,0;96;
1031;bekeutoging;11;233;287;96,4;96,0;96,0;96;
1032;beutstigen;10;261;297;96,0;96,1;96,0;96;
1033;bechts;6;235;327;96,0;96,5;96,0;96;
1034;achteteel;9;235;309;96,0;96,3;96,0;96;
1035;pamiefel;8;235;335;96,0;96,5;96,0;96;
1036;darfect;7;242;340;96,1;96,0;96,0;96;
1037;atalsmaal;9;247;314;97,0;96,0;96,0;96;
1038;zondalsbond;11;227;314;96,8;96,0;96,0;96;
1039;spipper;7;288;302;96,0;96,2;96,0;96;
1040;omelvlieden;11;262;344;96,0;97,9;96,0;96;
1041;spendetig;9;262;324;96,0;97,4;96,0;96;
1042;asterscheid;11;262;329;96,0;96,8;96,0;96;
1043;vewoeg;6;262;323;96,0;97,1;96,0;96;
1044;amhaalding;10;236;283;96,0;97,0;96,0;96;
1045;aartieken;9;236;289;96,0;96,4;96,0;96;
1046;pappief;7;236;300;96,0;97,2;96,0;96;
1047;varterel;8;232;341;96,4;96,0;96,0;96;
1048;duiketing;9;263;341;96,8;96,0;96,0;96;
1049;grarenisch;10;236;289;96,4;96,0;96,0;96;
1050;brapering;9;235;289;96,9;96,0;96,0;96;
1051;abbeschaagt;11;263;300;96,0;96,5;96,0;96;
1052;herklefel;9;263;300;96,0;97,2;96,0;96;
1053;velaalkelijk;12;237;320;96,0;97,7;96,0;96;
1054;adukreker;9;264;321;96,0;97,4;96,0;96;
1055;wrijmegen;9;238;341;96,0;97,8;96,0;96;
1056;tronsttijn;10;265;330;96,0;96,2;96,0;96;
1057;vebeerder;9;265;340;96,0;96,9;96,0;96;
1058;larzieking;10;243;318;97,4;96,0;96,0;96;
1059;ratmelaar;9;267;292;96,1;96,0;96,0;96;
1060;halgepollig;11;239;321;96,0;97,0;96,0;96;
1061;intotovitie;11;239;321;96,0;97,4;96,0;96;
1062;aterboren;9;266;319;96,4;96,0;96,0;96;
1063;ozoef;5;266;305;96,0;96,9;96,0;96;
1064;ontreensmaar;12;254;293;97,5;96,0;96,0;96;
1065;veschogbaar;11;240;316;96,1;96,3;96,1;96;
1066;snom;4;270;320;97,3;96,1;96,1;96;
1067;aatspoving;10;250;347;96,6;96,1;96,1;96;
1068;diowelisch;10;252;294;97,5;96,1;96,1;96;
1069;gepromen;8;239;321;96,5;96,1;96,1;96;
1070;jempet;6;214;312;96,1;96,3;96,1;96;
1071;blusto;6;214;317;96,1;97,3;96,1;96;
1072;isenkatie;9;240;322;97,8;96,1;96,1;96;
1073;veslammen;9;242;340;96,1;96,9;96,1;96;
1074;fagawel;7;242;310;96,1;96,3;96,1;96;
1075;omvoelaan;9;269;313;96,1;97,6;96,1;96;
1076;vinneljaart;11;269;346;96,1;97,9;96,1;96;
1077;krocuraas;9;270;314;96,1;97,3;96,1;96;
1078;maafsheid;9;269;325;97,3;96,1;96,1;96;
1079;pribuur;7;271;297;96,1;97,2;96,1;96;
1080;rijterzaals;11;244;309;96,1;96,6;96,1;96;
1081;bebrijler;9;244;322;96,1;97,7;96,1;96;
1082;oehamen;7;244;307;96,1;96,6;96,1;96;
1083;vegachtspunt;12;244;316;96,1;96,3;96,1;96;
1084;kroren;6;244;309;96,1;97,3;96,1;96;
1085;tezoper;7;244;308;96,1;97,3;96,1;96;
1086;anschorp;8;245;333;96,1;97,2;96,1;96;
1087;berschieven;11;245;302;96,1;96,9;96,1;96;
1088;koddenhoor;10;236;300;96,9;96,1;96,1;96;
1089;ogin;4;246;318;96,1;96,4;96,1;96;
1090;steupem;7;246;341;96,1;96,3;96,1;96;
1091;angeideling;11;225;301;96,3;96,2;96,2;96;
1092;injutome;8;219;347;96,2;96,7;96,2;96;
1093;loerna;6;247;319;96,2;96,4;96,2;96;
1094;zonserheid;10;247;312;96,2;97,0;96,2;96;
1095;spikiek;7;220;352;96,2;96,4;96,2;96;
1096;asseldig;8;221;323;96,2;96,7;96,2;96;
1097;arelvlasie;10;241;332;97,8;96,2;96,2;96;
1098;ompegeten;9;277;327;96,2;97,7;96,2;96;
1099;spucot;6;222;309;96,2;96,9;96,2;96;
1100;maddibar;8;222;291;96,2;96,7;96,2;96;
1101;andrijnlijk;11;250;331;96,2;97,5;96,2;96;
1102;amektel;7;246;307;96,6;96,2;96,2;96;
1103;schepting;9;236;307;96,4;96,2;96,2;96;
1104;kosenteur;9;252;380;96,2;96,4;96,2;96;
1105;gerbongen;9;220;308;96,7;96,2;96,2;96;
1106;torlate;7;255;309;97,5;96,3;96,3;96;
1107;snemmer;7;253;299;96,3;96,8;96,3;96;
1108;hokelal;7;258;310;97,6;96,3;96,3;96;
1109;brap;4;240;340;97,8;96,3;96,3;96;
1110;nettiler;8;227;314;96,3;96,3;96,3;96;
1111;zummer;6;264;341;96,4;96,3;96,3;96;
1112;berschiegen;11;256;327;96,3;96,5;96,3;96;
1113;kedelijks;9;285;325;96,3;97,1;96,3;96;
1114;tigdering;9;229;360;96,3;97,7;96,3;96;
1115;adwanderen;10;254;315;96,7;96,3;96,3;96;
1116;aanvatinen;10;259;315;97,6;96,3;96,3;96;
1117;nekeven;7;244;315;97,4;96,3;96,3;96;
1118;apmuselief;10;237;344;97,8;96,3;96,3;96;
1119;bedrannik;9;258;339;96,3;97,5;96,3;96;
1120;onvoger;7;258;320;96,3;97,0;96,3;96;
1121;drookperrie;11;230;326;96,3;96,4;96,3;96;
1122;torgegraads;11;246;317;96,6;96,3;96,3;96;
1123;slaarpol;8;231;321;96,4;97,7;96,4;96;
1124;bijtole;7;260;366;96,4;96,8;96,4;96;
1125;muikdelijk;10;260;310;96,4;96,9;96,4;96;
1126;veheitend;9;272;289;96,9;96,4;96,4;96;
1127;insiraren;9;232;322;96,4;97,7;96,4;96;
1128;toeptelig;9;269;319;96,9;96,4;96,4;96;
1129;jontast;7;259;321;97,2;96,4;96,4;96;
1130;bemonner;8;265;322;97,2;96,4;96,4;96;
1131;ampetwinsbaar;13;264;319;96,4;97,0;96,4;96;
1132;inlolaan;8;240;323;97,8;96,4;96,4;96;
1133;invenstordig;12;246;294;96,6;96,4;96,4;96;
1134;vegorgd;7;265;316;96,4;96,7;96,4;96;
1135;prodoet;7;249;324;97,0;96,4;96,4;96;
1136;knam;4;236;318;96,4;97,4;96,4;96;
1137;valtewas;8;236;326;96,4;97,1;96,4;96;
1138;egenweist;9;248;325;97,5;96,4;96,4;96;
1139;onsolig;7;266;309;96,4;96,9;96,4;96;
1140;rorio;5;256;355;96,7;96,4;96,4;96;
1141;warenator;9;288;326;96,7;96,4;96,4;96;
1142;tadeboe;7;230;297;97,7;96,5;96,5;96;
1143;schevem;7;239;281;96,5;97,8;96,5;96;
1144;berdeeft;8;239;313;96,5;96,6;96,5;96;
1145;fitken;6;239;313;96,5;97,3;96,5;96;
1146;deskelijk;9;269;313;96,5;97,0;96,5;96;
1147;voeping;7;259;299;97,6;96,5;96,5;96;
1148;nakelieur;9;238;329;97,3;96,5;96,5;96;
1149;intabavueel;11;286;331;97,1;96,5;96,5;96;
1150;vlallen;7;241;293;96,5;97,1;96,5;96;
1151;bendasta;8;241;330;96,5;97,1;96,5;96;
1152;drorzeloos;10;242;340;96,5;96,9;96,5;96;
1153;dunileins;9;274;334;96,5;97,2;96,5;96;
1154;berdoep;7;244;328;96,5;97,4;96,5;96;
1155;aarkien;7;219;336;97,1;96,6;96,6;96;
1156;mukiek;6;245;302;96,6;96,9;96,6;96;
1157;afmoeving;9;246;322;96,6;97,1;96,6;96;
1158;stobsato;8;278;318;96,6;97,0;96,6;96;
1159;lilikent;8;224;310;97,2;96,6;96,6;96;
1160;krurzig;7;274;341;96,9;96,6;96,6;96;
1161;aplordigen;10;233;280;97,7;96,6;96,6;96;
1162;voorkleller;11;219;347;96,6;97,3;96,6;96;
1163;vadenwinselijk;14;291;345;97,1;96,6;96,6;96;
1164;tyspude;7;251;319;96,6;97,0;96,6;96;
1165;klellig;7;230;314;96,8;96,6;96,6;96;
1166;onsonbalijk;11;252;328;96,7;97,1;96,7;96;
1167;gertiesterers;13;257;316;96,7;96,7;96,7;96;
1168;vernoldaren;11;256;318;97,5;96,7;96,7;96;
1169;akkebruikt;10;255;317;96,7;97,0;96,7;96;
1170;ootpeed;7;274;319;97,3;96,7;96,7;96;
1171;klechts;7;256;345;96,7;96,9;96,7;96;
1172;berdemd;7;257;319;96,7;97,7;96,7;96;
1173;bergegen;8;257;286;96,7;97,1;96,7;96;
1174;obbeschegt;10;265;322;97,6;96,7;96,7;96;
1175;intilm;6;226;341;96,7;97,2;96,7;96;
1176;olbangs;7;226;343;96,7;97,5;96,7;96;
1177;bemille;7;226;341;96,7;96,9;96,7;96;
1178;floluirijk;10;254;324;97,5;96,8;96,8;96;
1179;bervichten;10;260;342;96,8;97,2;96,8;96;
1180;wadeborker;10;277;326;97,7;96,8;96,8;96;
1181;gerdrulding;11;261;336;96,8;97,8;96,8;96;
1182;krurf;5;266;294;96,8;96,8;96,8;96;
1183;berschieking;12;230;287;96,8;97,4;96,8;96;
1184;schijgste;9;231;321;96,8;97,0;96,8;96;
1185;tokedoni;8;264;332;96,8;97,5;96,8;96;
1186;gadatast;8;286;331;97,8;96,8;96,8;96;
1187;padelstiten;11;252;332;97,1;96,8;96,8;96;
1188;weelslaad;9;237;334;96,9;96,8;96,8;96;
1189;odstuik;7;268;324;96,9;97,4;96,9;96;
1190;rummij;6;235;336;96,9;96,9;96,9;96;
1191;basrikton;9;261;336;97,6;96,9;96,9;96;
1192;vekeeuwen;9;236;296;96,9;97,9;96,9;96;
1193;griktaat;8;236;296;96,9;97,5;96,9;96;
1194;lacerdelijk;11;270;318;96,9;97,4;96,9;96;
1195;taukelle;8;265;338;97,6;96,9;96,9;96;
1196;venunding;9;272;313;96,9;97,3;96,9;96;
1197;wagerderisch;12;273;343;96,9;97,9;96,9;96;
1198;enzap;5;236;311;97,8;97,0;97,0;97;
1199;bleetbaar;9;242;324;97,0;97,4;97,0;97;
1200;zervens;7;247;346;97,9;97,0;97,0;97;
1201;prijnenceld;11;240;277;97,4;97,0;97,0;97;
1202;vrijvopig;9;253;312;97,1;97,0;97,0;97;
1203;nostenkie;9;243;305;97,0;97,6;97,0;97;
1204;pizing;6;247;313;97,0;97,0;97,0;97;
1205;klondslad;9;239;313;97,8;97,0;97,0;97;
1206;cunze;5;244;320;97,0;97,0;97,0;97;
1207;vrallen;7;242;314;97,4;97,0;97,0;97;
1208;zimouver;8;286;315;97,8;97,0;97,0;97;
1209;krogherti;9;245;315;97,4;97,0;97,0;97;
1210;coptact;7;245;346;97,0;97,6;97,0;97;
1211;nojoost;7;263;316;97,6;97,0;97,0;97;
1212;mandvarrijd;11;281;318;97,0;97,7;97,0;97;
1213;toteateur;9;281;342;97,0;97,8;97,0;97;
1214;alortstoding;12;246;320;97,0;97,0;97,0;97;
1215;lekinklijk;10;246;317;97,0;97,0;97,0;97;
1216;mopcurn;7;246;346;97,0;97,6;97,0;97;
1217;odenhuiten;10;214;317;97,5;97,0;97,0;97;
1218;geweintedis;11;247;335;97,0;97,2;97,0;97;
1219;liepenpasier;12;247;310;97,0;97,3;97,0;97;
1220;natcoom;7;227;318;97,2;97,0;97,0;97;
1221;wadiwer;7;248;327;97,0;97,1;97,0;97;
1222;gerplaaien;10;229;320;97,2;97,0;97,0;97;
1223;veschosten;10;259;320;97,6;97,0;97,0;97;
1224;dookels;7;262;320;97,2;97,0;97,0;97;
1225;delinkpandel;12;259;320;97,2;97,0;97,0;97;
1226;omvarvorsen;11;249;307;97,0;97,3;97,0;97;
1227;uitsechost;10;228;285;97,2;97,0;97,0;97;
1228;nacef;5;247;322;97,4;97,1;97,1;97;
1229;zieuwsbroef;11;251;300;97,1;97,2;97,1;97;
1230;klal;4;263;323;97,6;97,1;97,1;97;
1231;beanggeelden;12;252;337;97,1;97,5;97,1;97;
1232;tweelerkjus;11;252;314;97,1;97,3;97,1;97;
1233;ijkmilly;8;229;325;97,2;97,1;97,1;97;
1234;lunstemoles;11;264;289;97,2;97,1;97,1;97;
1235;schesks;7;253;289;97,1;97,1;97,1;97;
1236;adartlijk;9;253;326;97,1;97,4;97,1;97;
1237;lorfararen;10;253;289;97,1;97,8;97,1;97;
1238;igirabrie;9;240;290;97,8;97,1;97,1;97;
1239;ochterep;8;254;330;97,1;97,4;97,1;97;
1240;devensbiel;10;254;334;97,1;97,2;97,1;97;
1241;ezaktel;7;218;338;97,1;97,8;97,1;97;
1242;efgactief;9;255;312;97,1;97,6;97,1;97;
1243;ekwarzeren;10;255;320;97,1;97,4;97,1;97;
1244;tetaltive;9;219;353;97,1;97,9;97,1;97;
1245;vekedia;7;219;352;97,1;97,6;97,1;97;
1246;iklap;5;247;292;97,9;97,1;97,1;97;
1247;buidendonten;12;252;329;97,5;97,1;97,1;97;
1248;groegoding;10;262;293;97,2;97,1;97,1;97;
1249;lepeven;7;268;330;97,3;97,1;97,1;97;
1250;adaandes;8;258;330;97,1;97,1;97,1;97;
1251;vewiren;7;257;344;97,1;97,6;97,1;97;
1252;mentekid;8;257;286;97,1;97,4;97,1;97;
1253;stritzent;9;257;327;97,1;97,4;97,1;97;
1254;eereverniper;12;257;345;97,1;97,3;97,1;97;
1255;zossue;6;257;334;97,1;97,8;97,1;97;
1256;daargemmenin;12;266;294;97,2;97,1;97,1;97;
1257;vonve;5;252;294;97,5;97,1;97,1;97;
1258;broorroos;9;233;331;97,3;97,1;97,1;97;
1259;geelkebigen;11;241;331;97,8;97,1;97,1;97;
1260;rokeking;8;221;315;97,1;97,3;97,1;97;
1261;vezeid;6;258;333;97,1;97,8;97,1;97;
1262;poenbouber;10;258;311;97,1;97,3;97,1;97;
1263;neekrag;7;258;330;97,1;97,4;97,1;97;
1264;aantritilijk;12;258;327;97,1;97,7;97,1;97;
1265;berantweerdeteit;16;258;290;97,1;97,5;97,1;97;
1266;vukpel;6;252;332;97,5;97,1;97,1;97;
1267;momelons;8;259;304;97,2;97,6;97,2;97;
1268;beronming;9;273;335;97,3;97,2;97,2;97;
1269;andstopt;8;261;275;97,2;97,3;97,2;97;
1270;kangegen;8;210;336;97,5;97,2;97,2;97;
1271;pegaadade;9;224;365;97,2;97,7;97,2;97;
1272;wijpeloegen;11;224;310;97,2;97,3;97,2;97;
1273;pespenbaren;11;237;300;97,3;97,2;97,2;97;
1274;zwockbar;8;225;356;97,2;97,3;97,2;97;
1275;inkouken;8;263;330;97,2;97,8;97,2;97;
1276;gemoeitoedig;12;263;316;97,2;97,7;97,2;97;
1277;tesignegen;10;263;316;97,2;97,7;97,2;97;
1278;kenvelopen;10;263;301;97,2;97,2;97,2;97;
1279;geneetgemdel;12;226;305;97,2;97,6;97,2;97;
1280;wutlen;6;264;295;97,2;97,5;97,2;97;
1281;vepikkig;8;239;302;97,4;97,2;97,2;97;
1282;kigneneris;10;266;305;97,2;97,6;97,2;97;
1283;antowechie;10;266;319;97,2;97,4;97,2;97;
1284;vory;4;266;319;97,2;97,4;97,2;97;
1285;zismiak;7;226;343;97,7;97,2;97,2;97;
1286;bloefpe;7;268;307;97,3;97,6;97,3;97;
1287;berzweffen;10;270;345;97,7;97,3;97,3;97;
1288;barrawemaren;12;269;336;97,3;97,5;97,3;97;
1289;otwate;6;269;358;97,3;97,9;97,3;97;
1290;zorditaseren;12;269;358;97,3;97,4;97,3;97;
1291;sefpor;6;269;329;97,3;97,8;97,3;97;
1292;hermeerleter;12;269;319;97,3;97,7;97,3;97;
1293;kondlerstig;11;245;346;97,9;97,3;97,3;97;
1294;vehoutelt;9;231;321;97,3;97,7;97,3;97;
1295;tienenis;8;244;309;97,8;97,3;97,3;97;
1296;pigulder;8;232;309;97,3;97,6;97,3;97;
1297;leglaant;8;272;286;97,3;97,8;97,3;97;
1298;brapla;6;247;312;97,4;97,3;97,3;97;
1299;bermaring;9;258;352;97,6;97,3;97,3;97;
1300;onspepen;8;237;314;97,3;97,3;97,3;97;
1301;vewilleloos;11;255;314;97,9;97,3;97,3;97;
1302;gerschuikele;12;254;314;97,5;97,3;97,3;97;
1303;levading;8;238;314;97,8;97,3;97,3;97;
1304;vemouw;6;236;331;97,3;97,8;97,3;97;
1305;etdentrowateit;14;236;296;97,3;97,5;97,3;97;
1306;neezat;6;261;315;97,6;97,3;97,3;97;
1307;pechtizing;10;276;278;97,3;97,7;97,3;97;
1308;ukeef;5;237;323;97,3;97,4;97,3;97;
1309;batveeto;8;237;344;97,3;97,6;97,3;97;
1310;haispisse;9;243;317;97,4;97,3;97,3;97;
1311;vejaarlenhaad;13;239;302;97,4;97,6;97,4;97;
1312;aperuild;8;240;331;97,4;97,8;97,4;97;
1313;gewuksvijn;10;281;342;97,4;97,8;97,4;97;
1314;vrijslerieus;12;241;308;97,4;97,6;97,4;97;
1315;tegerpijds;10;242;322;97,4;97,4;97,4;97;
1316;jangerenkift;12;283;338;97,4;97,5;97,4;97;
1317;verneertezen;12;244;328;97,4;97,8;97,4;97;
1318;veduksfurmer;12;244;348;97,4;97,6;97,4;97;
1319;abkupt;6;244;333;97,4;97,5;97,4;97;
1320;ampekestigd;11;245;326;97,4;97,4;97,4;97;
1321;aarmaring;9;245;346;97,4;97,9;97,4;97;
1322;gejorarte;9;245;346;97,4;97,6;97,4;97;
1323;afgerstrezen;12;245;314;97,4;97,7;97,4;97;
1324;wuldauto;8;245;286;97,4;97,4;97,4;97;
1325;wamegreren;10;244;287;97,8;97,4;97,4;97;
1326;paud;4;247;292;97,4;97,8;97,4;97;
1327;odenwuitang;11;247;288;97,4;97,8;97,4;97;
1328;plambing;8;248;330;97,5;97,4;97,4;97;
1329;lislekening;11;289;314;97,5;97,7;97,5;97;
1330;toevaping;9;264;373;97,6;97,5;97,5;97;
1331;mekjen;6;249;303;97,5;97,6;97,5;97;
1332;zujucal;7;252;380;97,5;97,8;97,5;97;
1333;ramfe;5;252;321;97,5;97,7;97,5;97;
1334;neharber;8;255;316;97,5;97,7;97,5;97;
1335;nenje;5;255;316;97,5;97,7;97,5;97;
1336;otfectief;9;259;310;97,6;97,6;97,6;97;
1337;konbijleut;10;269;347;97,7;97,6;97,6;97;
1338;rortrormig;10;255;305;97,9;97,6;97,6;97;
1339;vontjat;7;264;290;97,6;97,8;97,6;97;
1340;jorstifuge;10;265;340;97,6;97,8;97,6;97;
1341;achtelkeurt;11;221;317;97,6;97,7;97,6;97;
1342;ontlertenen;11;269;358;97,7;97,6;97,6;97;
1343;opbino;6;269;347;97,7;97,9;97,7;97;
1344;mamiergrem;10;286;314;97,8;97,7;97,7;97;
1345;ramaxed;7;246;314;97,9;97,7;97,7;97;
1346;neemteperlof;12;226;343;97,7;97,9;97,7;97;
1347;overmifis;9;228;285;97,7;97,8;97,7;97;
1348;aatsloging;10;240;321;97,8;97,7;97,7;97;
1349;nenteking;9;276;325;97,7;97,7;97,7;97;
1350;eitelbaafde;11;255;326;97,9;97,7;97,7;97;
1351;maneetdoen;10;248;327;97,9;97,7;97,7;97;
1352;uitmepoend;10;242;340;97,8;97,8;97,8;97;